{"cameraMode":{"drawMode":0,"name":"Shaded","section":"Shading Mode"},"sceneLighting":false,"audioPlay":false,"sceneViewState":{"m_AlwaysRefresh":false,"showFog":true,"showSkybox":true,"showFlares":true,"showImageEffects":true,"showParticleSystems":true,"showVisualEffectGraphs":true,"m_FxEnabled":true},"in2DMode":false,"pivot":{"x":58.795326232910159,"y":-30.337913513183595,"z":23.839889526367189},"rotation":{"x":0.20723427832126618,"y":0.6419196128845215,"z":-0.18617883324623109,"w":0.7144126892089844},"size":48.39326477050781,"orthographic":false}