{"cameraMode":{"drawMode":0,"name":"Shaded","section":"Shading Mode"},"sceneLighting":false,"audioPlay":false,"sceneViewState":{"showFog":true,"showMaterialUpdate":false,"showSkybox":true,"showFlares":true,"showImageEffects":true,"showParticleSystems":true,"showVisualEffectGraphs":true,"m_FxEnabled":true},"in2DMode":false,"pivot":{"x":4.750288009643555,"y":0.7285888195037842,"z":58.83345413208008},"rotation":{"x":0.20082417130470277,"y":0.1303836554288864,"z":-0.026806700974702836,"w":0.9706447124481201},"size":12.653068542480469,"orthographic":true}